run,trajectory_rmse,trajectory_mae,trajectory_max_absolute_error,terminal_depletion,truth_terminal_depletion,terminal_absolute_error,objective,r0,initial_depletion,truth_supplied_to_model,initial_depletion_fixed_to_truth,annual_recruitment_fixed_to_truth
conditioned_forward_truth,4.4969172124985776e-17,3.0808688933348097e-17,1.1102230246251565e-16,0.14923956060001564,0.1492395606000156,2.7755575615628914e-17,,261.4458145820423,0.5194029850746268,True,True,True
conditioned_estimation,0.00920854793302012,0.006787933849432874,0.021943374376367425,0.17118293497638304,0.1492395606000156,0.021943374376367425,44.495852853041995,263.0158271398637,0.5194029850746268,True,True,True
blind_estimation,0.1817141964216168,0.15089576068310445,0.38865997248529116,0.2925468370281383,0.1492395606000156,0.14330727642812266,193.12139153508562,216.96077696679055,0.908062957559918,False,False,False
