log_index,lower_95,raw_mean_cpue,records,se_log,standardized_index,upper_95,year
0.0,0.8501200044597053,1548.3876070050537,12,0.07059812253523517,0.976280401143998,1.1211633847666533,2000
0.02448449308687195,0.8763883596570972,1578.5565709473838,12,0.06756378002914533,1.0004791702756741,1.142140421110961,2001
-0.017491600884789626,0.8358014285316159,1503.0520376153552,12,0.07034039863755549,0.9593521764957631,1.101166577525589,2002
0.007255428566967481,0.8503397151287341,1555.432018942336,12,0.07416802830383648,0.9833894924218768,1.1372571180676334,2003
0.05095827004876252,0.894144010492456,1601.7939496510871,12,0.070837379434503,1.027319345506852,1.1803300422169871,2004
0.06206816647065416,0.9050033722382076,1645.7225799903279,12,0.07034660099649458,1.0387963933836426,1.1923689789553977,2005
-0.023107523753024495,0.8289912113391587,1519.2814881994782,12,0.07164936943587658,0.953979628696321,1.0978127626919287,2006
0.08265483186868927,0.9263006602881779,1648.2719653913139,12,0.06898255315879219,1.060403392075871,1.2139204927007055,2007
