catch_p10,catch_p90,depletion_p10,mean_closure_frequency,mean_cumulative_economic_value,mean_fraction_years_below_limit,median_annual_catch,median_catch_cv,median_rebuild_year,median_terminal_depletion,prob_terminal_above_limit,prob_terminal_above_target,procedure
291.324217587332,310.51788264758903,0.5136266265009827,0.0,6046.814116712089,0.0,303.5645462906217,0.10058039469337751,1.0,0.7594625900595697,1.0,0.9666666666666667,Conservative
385.70329491083675,413.1344593490614,0.39609260068116675,0.0,7978.093340990312,0.0,401.0487140270321,0.10064766907122336,1.0,0.6318748358154876,1.0,0.8833333333333333,Balanced
441.9753649598605,475.8856962067706,0.3097131338205915,0.0,9176.985384673531,0.0,461.1282897540764,0.1010311398269862,1.0,0.5542335285994859,1.0,0.8583333333333333,Yield focused
