dead_discard_biomass,depletion,landed_catch,maximum_f_scalar,spawning_output,total_biomass,year
21.532662399456736,0.8500317702281165,478.00000000000404,5.601757420961324e-05,7781015.764142737,16882039.81251614,2000
21.782671436408076,0.8504056824231673,483.66268974374776,5.647954310078994e-05,7784438.479370562,16960102.92226956,2001
22.155980121635835,0.8518946387104853,487.175287146576,5.6892182024042334e-05,7798068.078580285,17073902.75962585,2002
22.924417684956122,0.8558630515489004,487.66325225222084,5.698337608151709e-05,7834394.112424936,17202013.5958691,2003
19.680001492668797,0.8632772020765695,484.8626264601376,5.129059935750791e-05,7902261.719441599,17325150.759232316,2004
21.742699997666495,0.8728216720729551,479.20056488793466,5.049743500078587e-05,7989629.832144415,17429852.084827114,2005
22.107725855475948,0.8814867257991429,471.7192150955276,4.904880299551025e-05,8068947.94942198,17508706.825323652,2006
19.24103026193652,0.8873889112871095,463.85844613206143,4.7145287529802224e-05,8122975.3398481505,17559192.46192379,2007
